Product Name,Price
Scented Citrus Woods Fragrant Candle Set Of 4,"₹1,795"
Garden Of Serenity Scented Candle Set Of 4,"₹1,750"
Gold Lion Head Bust Statue,"₹2,150"
Multilayer Decorative Rotating Glass Bowls Set of 5 With Stand,"₹5,550"
Decorative Glass Bowls Set of 5 With Rotating Metal Stand,"₹4,650"
Chic Rotating Set of 5 Decorative Glass Bowls With Stand,"₹5,550"
Love Angel Showpiece,"₹2,898"
Luxury Glass Bowls Set of 5 With Lid And Rotating Stand,"₹7,550"
Decorative Crystal Glass Platter With Metal Stand,"₹2,550"
Hearty Desk Mirror Pink Large,₹695
Vintage Ornate Double Sided Mirror Pink,₹695
Silver Love Decor Showpiece For Home,₹550
Sweetie Pie Decor Tealight Holder Silver,₹750
Be Mine Decor Object With Tealight Holder,₹850
White Love Birds Showpiece,"₹1,511"
Shivling Fountain Incense Holder,₹855
Pearl Tealight Candle Holder Set of 6,₹750
Lunar Crystal Glass Decor Bowl With Stand,"₹1,890"
Madagascar Blooms Scented Reed Diffuser Set Of 3,₹750
Table Chef With Salt And Pepper Shaker Cannon,₹895
Metal Jar Set Of 2,₹745
Lord Ganesh Idol,₹625
Set Of 3 Musked Aura Fragrance Bottle And Reed Diffuser,₹750
Charging Bull Statue,"₹1,890"
